{"Δx":0.00625,"N":[1512,448],"xlim":[[-4.71875,4.71875],[-1.39375,1.39375]],"I0":[756,224],"nthreads":1}